firstname,surname,maths,english
Agnese,Eckblad,12,59
Pamella,Linskey,18,42
Nollie,Lane,54,69
Fanny,Luhe,19,8
Raquela,Kamaria,30,89
Mamie,Candy,50,80
Antonietta,Monaco,21,26
Jinny,Erminia,3,71
Ira,Fiann,63,43
Fayre,Leonard,94,98
Basia,Jacinda,91,60
Heddie,Abbot,52,13
Raquela,Taam,22,46
Shauna,Kermit,29,67
Raf,Albertine,1,28
Taffy,Milde,6,34
Adriana,Gombach,58,5
Hollie,Roche,40,48
Annaliese,Joseph,60,39
Kimmy,Buffum,20,21
Justinn,Shuler,47,39
Calla,Willie,100,80
Yolane,Gherardo,70,21
Trixi,Stanwood,67,62
Alejandra,Haymes,73,13
Tybie,Ajay,71,21
Gavrielle,Bethany,50,34
Gwenneth,Knowling,13,97
Gisela,Harriman,34,2
Trudie,Mott,23,54
Pierette,Cyrie,75,27
Dione,Dituri,87,10
Basia,Woodberry,54,50
Ursulina,Elvyn,24,66
Florie,Beebe,0,34
Catrina,Jehu,93,76
Carlie,Lamoree,76,12
Madalyn,Sprage,97,91
Collen,Kathie,35,3
Robbi,Eliathas,72,48
Gilligan,Bennie,65,9
Kial,Shelba,75,88
Gabriellia,Tryck,75,90
Tarra,Avi,19,45
Brana,Jalbert,66,97
Fayre,Bigner,58,90
Lolita,Boehike,10,33
Nyssa,Lia,5,78
Alisha,Marijo,52,1
Yetty,Stephie,10,19
Frances,Abram,66,100
Christal,Croix,56,62
Jillayne,Christal,69,96
Grier,Milde,70,85
Vivia,Tomasina,39,68
Elsie,Tice,96,50
Janeczka,Latini,27,82
Linet,Schroth,73,68
Lonnie,Carey,23,34
Felice,Bigner,98,90
Kellen,Doig,46,80
Ernesta,Annabella,39,58
Bernardine,Salchunas,12,99
Cindelyn,Burch,46,3
Selia,Leifeste,56,4
Joleen,Jefferey,30,8
Bobinette,Herrera,97,9
Phedra,Colbert,78,49
Nannie,Constancy,39,61
Lita,Bollay,32,11
Inga,Stephie,11,64
Babita,Felizio,79,97
Atlanta,Vittoria,35,58
Florie,McCutcheon,0,8
Agnese,Claudine,66,67
Nananne,Chandler,16,47
Benita,Atonsah,81,65
Steffane,Craggie,76,81
Ulrike,Janene,68,84
Elora,Vacuva,60,60
Hope,Dash,35,27
Mamie,Moseley,42,73
Tiffie,Bigner,96,55
Edyth,Lasley,20,94
Carilyn,Fry,82,38
Elora,Zuzana,61,91
Minda,Rodmann,65,13
Nariko,Wooster,39,41
Willetta,Alejoa,76,1
Fidelia,Lipson,82,32
Sam,Fabiola,54,1
Jolyn,Glovsky,86,34
Kimberley,Riva,30,15
Tilly,Joachim,68,77
Daphne,Posner,45,35
Carilyn,Izaak,38,54
Albertina,Hull,11,24
Gale,Thilda,96,79
Marleah,Philipp,17,65
Marline,Garlinda,33,37
Wynne,Quinn,68,95
Catrina,Brian,3,77
Angela,Ietta,16,70
Willetta,Bertold,11,3
Sheelagh,Callista,47,12
Lanna,Kannry,65,45
Jerry,Lipson,5,50
Agnese,Leary,59,57
Margette,Frodi,15,36
Dode,McCutcheon,55,15
Lisette,Cristi,83,46
Gretal,Roumell,41,97
Marcy,Wind,46,86
Lanae,Calhoun,73,6
Tracey,Ledah,50,25
Gui,Aida,72,66
Almeta,Zetta,70,70
Binny,Malanie,7,94
Lilith,Curren,2,12
Shaine,Cookie,66,42
Marline,Marcellus,65,26
Norine,Pattin,32,51
Michaelina,Faria,6,60
Bibby,Brenn,28,48
Margalo,Winthorpe,78,35
Tybie,Nester,8,36
Ricky,Kesley,18,31
Karlee,Rustice,91,13
Bobinette,Naashom,46,100
Vinita,MacIntosh,96,12
Barbi,Alarise,83,12
Dione,Eno,48,14
Lulita,Claudine,3,54
Ernesta,Tiffa,80,13
Nadine,Gerge,90,86
Maud,Mehalek,80,3
Cathie,Doig,42,48
Cyndie,Lauraine,53,28
Desirae,Stevy,43,86
Mireielle,Bultman,43,95
Daphne,Nore,7,40
Deedee,Edison,92,72
Winny,Calhoun,91,9
Esmeralda,Lasley,4,35
Ariela,Clarissa,80,6
Clo,Wu,17,0
Dorthy,Dorcy,70,61
Joy,Gibbeon,52,22
Dari,Seessel,4,6
Babita,Adamsen,0,80
Aryn,Ciro,20,11
Felice,Gavrila,97,31
Elie,Ellord,25,92
Emma,Erminia,30,61
Suzette,Delp,30,29
Winny,Jacobah,99,7
Nataline,Selway,37,39
Gilligan,Dex,61,35
Tobe,Arathorn,31,98
Cissiee,Fosque,69,30
Helena,Gordon,81,9
Clary,Gunn,89,27
Emma,Arley,38,49
Heida,Kalinda,70,27
Ernesta,Ball,14,85
Claudina,Clie,57,87
Kylynn,Wallis,37,62
Roberta,Wandie,33,32
Ezmeralda,Yuille,75,31
Rayna,Even,23,4
Chrystel,Neils,45,89
Henriette,Pacorro,56,33
Lauryn,Virgin,87,3
Celene,Bivins,87,51
Sheelagh,Si,97,7
Fidelia,Terrence,5,41
Sissy,Billye,89,92
Dorene,Brenn,100,5
Gabi,Lumbard,90,77
Dale,Carleen,85,26
Catharine,Bohlin,3,67
Dania,Bates,16,49
Cassandra,Raimondo,74,9
Melodie,Land,87,81
Jean,Blisse,17,40
Vivia,Zachary,1,42
Joelly,Karl,9,43
Ada,Pattin,49,94
Ann-Marie,Fiester,78,42
Lucille,Chobot,9,46
Mamie,Flita,86,46
Veda,Lattie,90,88
Lily,Merat,61,84
Brana,Stelle,85,23
Korrie,Blase,99,46
Ulrike,Carbo,11,32
Zia,Janith,45,49
Mildrid,Orpah,44,62
Camile,Sherfield,88,5
Flory,Crudden,98,93
Amelia,Reneta,26,27
Kenna,Yorick,47,49
Carol-Jean,Center,39,100
Tierney,Woodberry,81,23
Sonni,Schonfeld,97,13
Ashlee,Guildroy,59,83
Aeriela,Merell,9,92
Berget,Mallon,87,73
Nananne,Toor,65,30
Ira,Merat,3,87
Orelia,Seagraves,98,56
Tiffie,Clywd,58,39
Karly,Erlandson,85,94
Gaylene,Goerke,52,69
Sandie,Angelis,91,100
Marinna,Philoo,42,41
Hermione,Bearnard,78,13
Celestyna,Monaco,32,21
Ira,Swigart,6,62
Robbi,Diann,35,9
Roxane,Capello,1,85
Dania,Neva,65,8
Ulrike,Melan,16,11
Corina,Lutero,98,17
Romona,Deegan,40,86
Vanessa,Thomasina,61,80
Emylee,Dyche,58,69
Lila,Fulmer,21,6
Karolina,Brian,15,54
Viviene,Avi,64,36
Krystle,Briney,74,18
Blake,Virgin,75,30
Carly,Noman,65,16
Aigneis,Aaberg,41,96
Renae,Vale,1,85
Damaris,Saree,13,38
Maisey,Nester,20,75
Fina,Greenwald,23,33
Emelina,Clie,26,69
Theodora,Han,82,68
Marleah,Gert,13,13
Imojean,Nadia,4,39
Marika,Annabella,47,69
Nanete,Klemperer,38,35
Dari,Zuzana,39,13
Dorthy,Bethany,86,7
Lucille,Auberbach,32,84
Vita,Jeanne,31,17
Shell,Llovera,33,7
Nerta,Calhoun,52,47
Robbi,Schonfeld,60,82
Renie,Erb,72,32
Kara-Lynn,Delila,91,19
Agathe,Lorenz,0,48
Alyda,Jethro,25,95
Elie,Urias,89,30
Damaris,Tatianas,42,74
Jere,Concha,55,57
Marnia,Ax,49,84
Xylina,Kalinda,98,8
Gabi,Leary,28,73
Bertine,Girardo,0,59
Trixi,Schenck,21,43
Ashlee,Anastatius,98,14
Adele,Aloise,71,57
Viki,Bettine,82,96
Harmonia,Blake,61,86
Tersina,Delacourt,39,61
Lacie,Jacinda,91,73
Pollyanna,Lasley,59,88
Averyl,Palocz,83,19
Marcelline,Argus,1,42
Marcelline,Maiah,65,45
Almeta,Pascia,74,11
Winifred,Adamsen,60,4
Florie,Ovid,62,53
Gusty,Morehouse,54,17
Odessa,Sandye,27,18
Jordan,Maribeth,48,57
Sheelagh,Odysseus,79,62
Anica,Brunell,64,52
Sashenka,Danby,91,13
Inga,Han,2,46
Kirstin,Maxi,67,15
Joceline,Stephie,48,42
Marcy,Tayib,84,96
Eugine,Howlyn,20,70
Inga,Tound,22,38
Hallie,Fiester,74,100
Valera,Bendick,31,55
Beth,Dulciana,97,42
Marinna,Abernon,0,36
Lexine,Meter,46,82
Damaris,Philoo,93,12
Eve,Bashemeth,32,81
Heida,Belanger,87,30
Meghann,Adalbert,98,95
Emelina,Kimmie,61,1
Jenda,Nadia,80,53
Barbi,Velick,56,29
Valeda,Audly,71,54
Evita,Toffic,35,50
Riannon,Chabot,74,83
Elise,Zola,34,50
Flory,Oster,50,99
Valeda,Lunsford,45,20
Amara,Freddi,80,35
Tina,Natica,12,28
Kathi,Alrich,5,67
Glynnis,Shaddock,7,90
Kittie,Warthman,0,58
Gabriellia,Joli,4,64
Alia,Harday,3,12
Starla,Corilla,29,56
Corina,Neils,1,47
Dulce,Kelula,52,43
Micheline,Gemini,93,27
Dagmar,Dorcy,79,91
Elka,Concha,60,96
Emylee,Greyson,17,90
Petronia,Braun,50,21
Celestyna,Sawtelle,25,80
Belinda,Jarib,67,78
Tobe,Bouchard,44,36
Ira,Estella,84,98
Felice,Tristram,5,89
Neila,Melan,23,19
Lorenza,Daegal,30,85
Millie,Cottle,71,50
Stevana,Artie,41,50
Cam,Cadmar,87,60
Cyndie,Teddman,99,17
Alyssa,Gerge,17,47
Fanchon,Zuzana,93,23
Lynde,Abram,75,31
Annora,Girardo,50,9
Althea,Doig,94,37
Melina,Pyle,60,44
Eve,Anderea,9,22
Ada,Thar,31,10
Kerrin,Gilbertson,53,41
Fawne,Bollay,34,44
Dominga,Parette,86,91
Emylee,Daegal,65,36
Randa,Gilmour,7,81
Sharai,Toffic,83,41
Queenie,Rheingold,84,79
Yetty,Mayeda,33,26
Gertrud,Thad,9,61
Jerry,Monk,78,19
Ardys,Adalbert,71,78
Starla,Jeanne,63,87
Mallory,Dannye,18,46
Dorothy,Goddard,87,88
Larine,Gower,25,7
Hallie,Hewitt,40,29
Babita,Khorma,87,30
Ericka,Japeth,48,93
Janenna,Cosenza,67,76
Caryl,Alva,64,47
Rosanne,Judye,94,0
Cam,Zetta,55,65
Ulrike,Lanita,20,84
Lelah,Niles,83,0
Dorice,Othilia,57,76
Dianemarie,Roche,91,64
Melodie,Keelia,40,55
Sean,Pelagias,9,19
Mallory,Ventre,64,79
Tersina,Billye,39,26
Shandie,Presber,100,73
Clary,Nunci,40,84
Clo,Diann,47,69
Cissiee,Cloris,48,68
Yvonne,Kenwood,5,100
Janey,Sheedy,85,13
Heida,Peg,96,97
Gwenneth,Miru,62,35
Mara,Carolin,8,18
Janeczka,Kellby,87,85
Genovera,Faro,6,11
Tersina,Craggie,81,64
Randa,Georas,28,66
Janeczka,Jillane,9,92
Sidoney,Belldas,38,30
Brena,Jorgan,56,62
Cacilie,Carmena,7,13
Harrietta,Lorenz,79,100
Babita,Kress,84,37
Marcy,Lanita,99,19
Raf,Judye,90,26
Glynnis,Danby,55,44
Tiffie,Smitt,65,65
Melanie,Riordan,89,1
Kalina,Phaidra,42,14
Sibella,Diogenes,51,94
Kristina,Leffen,10,57
Carree,Casimir,6,7
Robinia,Carri,74,76
Gianina,Pauly,43,94
Emylee,Toor,25,23
Corry,Ummersen,55,20
Adelle,Catie,63,3
Concettina,Jess,45,14
Winny,Rooney,67,84
Winny,Winthorpe,39,48
Blondelle,Glovsky,97,17
Kellen,Margret,48,33
Fina,Ezar,67,33
Jenilee,Lory,40,45
Robinia,Cath,90,70
Mariele,Lasley,71,30
Alia,Eben,25,70
Sheree,Zachary,38,74
Myrtice,Turne,73,60
Teriann,Danby,56,13
Laurene,O'Rourke,96,50
Glenda,Toni,16,65
Renae,Baptlsta,23,73
Blake,Noelyn,3,59
Maridel,Dielu,5,77
Bettine,Olnee,33,77
Cissiee,Mehalek,10,71
Caressa,Esmaria,2,50
Courtnay,Elvyn,8,50
Lolita,Radu,91,57
Linet,Hilbert,14,72
Jillayne,Jotham,21,7
Sheree,Gusella,52,73
Maud,Stoller,76,55
Paola,Wallis,4,52
Averyl,Poppy,34,9
Ronna,Read,94,36
Lyssa,Pettiford,96,7
Lisette,Klemperer,67,48
Ivett,Mayeda,59,14
Carlie,Yoko,95,9
Yvonne,Kamaria,67,62
Tani,Gale,16,56
Elena,Genna,85,56
Anthia,Giff,51,94
Ida,Gordon,34,84
Averyl,Jacqui,66,39
Andree,Ledah,42,50
Merle,Schonfeld,9,84
Inga,Jarib,12,7
Mignon,My,42,58
Sue,Adore,74,46
Justinn,Creamer,2,96
Fanchon,Frodi,5,41
Kirstin,Amand,24,58
Cassondra,Thema,2,3
Karolina,Vilma,74,18
Nollie,Erlandson,88,84
Meriel,Oneida,12,88
Ida,Croix,59,31
Kathy,Goode,79,8
Di,Brotherson,33,77
Gavrielle,Kamaria,48,63
Cam,Rudolph,83,65
Hayley,Tamsky,74,91
Janis,Toni,33,86
Molli,Corrine,64,52
Nannie,Dichy,37,80
Alisha,August,48,25
Gerianna,Adlare,62,66
Cassondra,Jagir,93,29
Judy,Byrne,62,90
Karena,Bigner,89,35
Mara,Raul,23,88
Berget,Standing,38,17
Roz,Hubert,45,60
Suzette,Hailee,24,94
Selia,Pillsbury,7,44
Merle,Alejoa,52,73
Kellen,Tillford,89,86
Candi,Gillan,93,84
Jackie,Meli,93,7
Melina,Fillbert,59,59
Adele,Federica,69,11
Ilse,Bigner,29,62
Loree,Dichy,74,58
Chloris,Fadiman,100,2
Marylou,Juliet,37,100
Paule,Huggins,33,64
Adore,Thad,37,18
Elka,Merat,82,31
Kore,Bibi,67,7
Regina,Vanni,29,12
Starla,Stilwell,100,82
Althea,Mitzi,3,36
Joane,Sabella,20,15
Tina,Berne,65,88
Hollie,Zuzana,9,56
Hallie,Henrie,45,22
Brana,Cecile,46,90
Renae,Autrey,16,29
Ariela,Moseley,54,77
Gilligan,Sadowski,90,87
Micheline,Truc,97,1
Cyndie,Corabella,68,75
Renie,Lauraine,64,48
Dulce,Bohlin,47,3
Binny,Hachmin,29,50
Zaria,Levey,70,57
Annabela,Ariella,10,99
Steffane,Armanda,41,88
Talya,Bergman,97,64
Susette,Maxi,1,45
Siana,Telfer,69,41
Kimmy,Stoller,39,88
Kenna,Bigner,8,55
Marylou,Rudolph,34,23
Tierney,Read,15,73
Magdalena,Urias,56,31
Fidelia,Byrne,41,98
Mureil,Faro,2,82
Aaren,Decato,75,29
Ann-Marie,Lutero,61,50
Wendi,Teryn,71,92
Ermengarde,Tristram,12,7
Marcelline,Smitt,84,82
Lyssa,Scammon,62,79
Marsiella,Joni,78,37
Alie,Diogenes,66,99
Amalie,Odysseus,61,88
Roslyn,Garrison,90,28
Rosabelle,Zenas,67,80
Sybille,Taima,67,70
Shel,Kronfeld,26,22
Merle,Suanne,48,30
Tatiania,Ciapas,16,70
Karlee,Poll,24,72
Marcy,Nikaniki,11,6
Janeczka,Arne,52,35
Vinita,Cassius,69,53
Roz,Jethro,80,30
Aurelie,Bendick,62,21
Anestassia,Dorothy,74,87
Albertina,Couture,55,55
Marti,Elo,68,14
Maisey,Othilia,10,99
Wanda,Kirstin,11,38
Barbara,Zenas,47,66
Micheline,Darrell,80,81
Orsola,Francyne,2,39
Olivette,Birdella,77,1
Ingrid,Emanuel,46,86
Florie,Gabrielli,48,50
Wilma,Candy,87,6
Ada,Mandler,71,25
Carree,Gwenore,25,41
Kittie,Cecile,16,64
Jan,Gamaliel,9,93
Adelle,Robertson,72,82
Lily,Lea,81,12
Sandie,Presber,30,55
Emma,Federica,90,5
Layla,Ailyn,5,98
Sallie,Wind,100,39
Donnie,Oneida,9,89
Marita,Gavrila,34,75
Asia,Peonir,26,22
Alex,Briney,62,34
Aili,Tiffa,85,36
Marguerite,Shanley,0,78
Ernesta,Janene,98,10
Rhoda,Vernier,98,44
Ninnetta,Presber,84,33
Ileana,Jacqui,14,32
Kassey,Christal,19,13
Jacquetta,Talia,4,61
Katleen,Ludewig,29,58
Cherrita,Chesna,81,85
Delilah,Leonard,74,51
Corry,Edvard,80,77
Kylynn,Kathie,10,61
Jacquetta,Rubie,95,92
Cherrita,Billye,58,17
Viviene,Cressida,78,5
Gabi,Jacqui,35,77
Elsie,Yate,66,38
Katharina,Charity,12,28
Amalie,Kannry,5,7
Aigneis,Sandye,55,52
Donetta,Thar,40,15
Katharina,Minetta,42,19
Laure,Kiersten,24,16
Adelle,Larochelle,60,77
Elora,Lowry,61,14
Glenda,Bahr,47,69
Shauna,Tryck,40,98
Elvira,Sheng,95,92
Jasmina,Esmaria,95,0
Jsandye,Hanleigh,48,95
Hannis,Brenn,20,52
Nataline,Talia,48,40
Bibby,Rosalba,10,71
Helsa,Fiester,83,49
Janey,Lacombe,13,44
Queenie,Bollay,31,28
Netty,Dom,80,34
Rhea,Ferino,67,85
Veda,Saint,91,2
Debee,Gombach,76,39
Katuscha,Sabella,55,3
Emilia,Cassius,67,43
Debee,Erich,74,32
Hayley,Sophronia,57,21
Sibella,Karl,49,51
Kristina,Whiffen,90,11
Carmencita,Guildroy,66,57
Maurene,Ader,65,15
Sallie,Yuille,33,87
Sharai,Ehrman,90,4
Sandie,Riordan,11,19
Carolina,Ajay,61,20
Farrah,Kunin,96,48
Shirlee,Standing,97,6
Willetta,Reidar,34,82
Roxane,Rebecka,100,21
Marcelline,Pearse,79,24
Dawn,Vacuva,11,54
Nelle,Shuler,97,65
Nadine,Karl,84,1
Alameda,Danby,40,22
Gabi,Niles,80,1
Darlleen,Mendez,47,26
Courtnay,Clarissa,14,48
Charmaine,Edee,30,87
Dorothy,Means,50,85
Jobi,Brieta,43,86
Brena,Destinee,100,98
Sara-Ann,Buttaro,78,41
Roxane,Hilbert,20,100
Sarette,Stevy,6,8
Paulita,Cleo,62,68
Talya,Weitman,93,19
Deane,Pitt,62,80
Xylina,Schwejda,20,43
Romona,Berne,35,93
Sara-Ann,Cutlerr,9,67
Ronna,Vilma,83,79
Orsola,Hoenack,43,22
Ezmeralda,Gillan,62,21
Marguerite,Kaja,8,47
Chickie,Poppy,94,49
Etta,Ries,62,77
Vevay,Belldas,7,8
Oona,Jess,75,38
Mathilda,Claudine,64,35
Zia,Horan,42,85
Brianna,Erb,18,39
Katuscha,Matthew,60,72
Tori,Terrence,77,93
Glynnis,Zamora,9,51
Aryn,Hertzfeld,72,6
Lynnea,Weitman,19,65
Lexine,Azeria,15,44
Tori,Center,25,97
Britte,Jerold,77,37
Fina,Cordi,45,43
Elvira,Marden,9,21
Ezmeralda,Pascia,17,5
Ermengarde,Regan,58,53
Miquela,Giff,27,11
Rori,Birdella,32,74
Lanae,Dosia,3,56
Xylina,Whittaker,15,99
Theodora,Helve,45,28
Marinna,Dorcy,73,59
Brietta,Maryanne,53,74
Maridel,McClimans,76,99
Alexine,Wenoa,85,2
Etta,Carmena,62,68
Correy,Wooster,33,19
Kellen,Laurianne,90,45
Frank,Wooster,71,12
Betta,Pernick,5,31
Catharine,Lissi,29,91
Phedra,Read,63,36
Lauryn,Adrienne,80,98
Marcelline,Bettine,54,40
Odessa,Bouchard,14,14
Petronia,McNully,36,15
Trixi,Sherfield,6,24
Betta,Angelis,82,53
Lynde,Jorgan,30,59
Fredericka,Alarise,39,19
Keelia,Amasa,16,24
Tonia,Radu,94,49
Glynnis,Buffum,94,27
Minne,Hourigan,54,93
Emma,Jerold,49,95
Florencia,Eben,51,52
Cristine,Annice,97,71
Ekaterina,Screens,60,6
Ronna,Tremayne,17,36
Riannon,Rudolph,86,65
Trudie,Bebe,54,81
Sue,Allare,64,4
Taffy,Fennessy,71,41
Marsiella,Brenn,76,91
Aryn,Saint,49,1
Dale,Hoenack,31,70
Ursulina,Cynar,47,55
Orelia,Simmonds,2,93
Rosabelle,Phaidra,42,80
Edee,Bandeen,21,16
Liana,Kristi,54,24
Suzette,Vins,47,18
Jean,Sinegold,64,54
Cecile,Linehan,69,70
Lynnea,Pitt,36,68
Cherrita,Pelagias,53,20
Cassondra,Vivle,69,44
Selia,Maples,64,9
Ofilia,Abbot,20,83
Verla,Maroney,99,94
Rhea,Kelula,91,5
Dulce,Janith,27,33
Jasmina,Tatianas,43,76
Lanna,Zaslow,72,55
Lorenza,Sidonius,44,84
Joleen,Schonfeld,13,20
Gwenneth,Pelagias,15,8
Madalyn,Alarise,98,26
Emma,Saree,2,29
Shaylyn,Rubie,93,8
Lynea,Kravits,38,39
Jeanna,Cornelia,61,0
Calla,Liva,70,82
Betta,Rurik,48,48
Minda,Philipp,24,19
Althea,Holbrook,24,41
Myriam,Othilia,11,84
Neila,Avi,3,43
Alyssa,Ortrude,3,20
Tarra,Vins,32,72
Cristabel,Suanne,22,83
Tatiania,Bow,80,33
Andree,Minetta,80,12
Fanchon,Gaspard,45,46
Gusty,Allina,77,58
Kara-Lynn,Amadas,54,100
Feliza,Marijo,49,61
Jean,Chaing,72,56
Gavrielle,Hebner,83,100
Candy,Howlyn,45,71
Sharai,Chauncey,76,24
Merci,Jary,97,82
Roseline,Halla,78,93
Beth,Howlyn,36,60
Lynnea,Luhe,73,81
Chickie,Johanna,93,85
Florencia,Hedve,31,32
Cathie,Thad,11,69
Odessa,Barbey,88,86
Kittie,Hylan,57,47
Thalia,Bultman,100,1
Sherrie,Maribeth,40,18
Lindie,Hanleigh,30,6
Lita,Chabot,61,30
Rozele,Sasnett,36,3
Clementine,Kinnard,63,52
Rivalee,Darbie,12,24
Cassondra,Hunfredo,95,73
Riannon,Leifeste,36,92
Lynde,Cookie,24,19
Trixi,Stacy,86,58
Kylynn,Kelula,5,61
Susan,Concha,83,48
Amelia,Nelsen,52,71
Florie,Bivins,4,58
Valli,Raama,27,74
Averyl,Phaidra,75,54
Jordan,Rad,64,96
Cordi,Destinee,95,77
Jerry,Ursulette,21,37
Cristine,Minetta,72,2
Nickie,Rogerio,35,60
Gusty,Vanni,48,10
Maryellen,Yorick,12,30
Nyssa,Docilla,40,80
Grier,Fennessy,4,8
Meriel,Jarib,53,57
Rhoda,Erb,40,50
Gilda,Joli,0,29
Alisha,Chandler,74,41
Sue,Deegan,89,94
Melodie,Bibi,77,60
Jacenta,Viddah,83,85
Ileana,Arvo,90,57
Marti,Kevon,20,11
Elka,Imelida,22,40
Zondra,Bates,67,80
Genovera,Kristi,76,19
Taffy,Koziara,64,83
Nariko,Phi,56,7
Cacilie,Howlyn,24,29
Nollie,Hilbert,87,58
Jsandye,Granoff,48,38
Jemie,Garrison,25,10
Darlleen,Suanne,43,97
Elsie,Blake,92,97
Linzy,Amasa,4,91
Abbie,Stelle,35,6
Elmira,Emanuel,78,77
Ginnie,Sundin,40,60
Emma,Sigfrid,86,78
Charmaine,Hortensia,42,92
Nita,Desai,91,12
Maisey,Alejoa,58,11
Ezmeralda,Nerita,44,81
Sarette,Braun,52,8
Brena,Ranjiv,98,37
Cyb,Odysseus,41,24
Gui,Infield,37,93
Gertrud,Arquit,39,11
Sibella,Mott,92,67
Claresta,Rad,97,34
Pierette,Himelman,52,90
Lilith,Naashom,22,78
Lucy,Medrek,2,18
Xylina,Ingra,54,68
Halette,Bates,30,63
Ardeen,Tippets,48,68
Marinna,Angelis,77,39
Merci,Madaih,71,11
Daryl,Palocz,58,77
Paola,Janith,61,66
Annecorinne,Harriman,30,16
Keelia,Lory,89,100
Valeda,Atonsah,74,86
Silvana,Maisey,87,45
Deirdre,Nahum,1,32
Gisela,Nadia,80,75
Vinita,Edvard,9,62
Leona,Magnolia,75,40
Jorry,Halla,75,75
Pamella,Urias,62,20
Marcelline,Jacinda,73,100
Kellen,Bashemeth,62,87
Rosabelle,Vastah,14,12
Sidoney,Denis,3,64
Goldie,Thar,47,44
Sarette,Leopold,78,87
Corina,Kunin,56,62
Sabina,Wadell,2,35
Andeee,Allare,97,79
Hettie,Joeann,62,29
Sheree,Ambrosia,48,35
Merci,Mitzi,1,22
Marylou,Maribeth,64,57
Sean,Dex,95,54
Kristina,Bates,76,76
Nita,Sprage,95,85
Celestyna,Chauncey,80,67
Merrie,Tacye,59,36
Joane,Sholley,66,47
Randa,Germann,66,80
Elyssa,Terrence,11,3
Rani,Gordon,97,89
Queenie,Ashely,27,9
Orsola,Jenness,28,26
Rhoda,Slifka,16,87
Dawn,Germann,56,23
Elka,Eckblad,54,17
Shell,Andrel,42,19
Raquela,Bollay,78,28
Corly,Devlen,46,95
Valeda,Lenny,5,48
Ayn,Noam,8,45
Celisse,Tryck,24,23
Gisela,Hylan,35,44
Tamqrah,Lacombe,3,96
Aaren,Zaslow,94,89
Ottilie,Stilwell,85,0
Arlina,Elisha,51,58
Adore,Melleta,35,58
Atlanta,Ricarda,64,4
Fredericka,Lauraine,63,42
Livvyy,Poppy,68,22
Gale,Maples,26,82
Judy,Judye,63,35
Tressa,Pyle,37,97
Augustine,Christine,17,11
Daphne,Zuzana,91,9
Johna,Koziara,79,32
Ashlee,Danby,34,5
Teddie,Girardo,32,68
Korrie,Naor,44,63
Mellicent,Vivle,52,30
Perry,Aprile,32,45
Daphne,Janene,42,68
Rebeca,Tjon,45,66
Madelle,Hewitt,21,59
Sue,Faust,19,94
Caritta,Gaynor,46,66
Katuscha,Scammon,10,18
Charmaine,Monaco,27,100
Marjie,Dowski,97,5
Julieta,Curren,81,49
Collen,Killigrew,61,65
Valera,Othilia,86,54
Deloria,Concha,28,39
Yolane,Darrell,30,48
Celisse,Guildroy,91,38
Eolanda,Wandie,5,60
Agathe,Carbo,60,59
Fidelia,Rheingold,96,95
Anica,Miru,49,67
Clo,Neva,40,15
Sean,Gavrila,89,27
Pearline,Carvey,79,78
Binny,Lacombe,100,23
Mamie,Paine,29,93
Lisette,Tryck,29,72
Aeriela,Odysseus,39,16
Lenna,Jena,35,44
Alisha,Delp,4,58
Brianna,Orpah,21,28
Marika,Kiersten,88,35
Rivalee,Darian,61,91
Fredericka,Kalinda,36,3
Rosene,Dichy,83,35
Tatiania,Macey,36,46
Vonny,Arley,30,69
Corry,Radu,90,71
Leeanne,Nikaniki,84,23
Janis,Corabella,43,91
Madeleine,Crudden,45,42
Charlena,Hathaway,14,42
Amelia,Bultman,20,16
Cindelyn,Solitta,41,58
Glynnis,Jacinda,18,74
Mathilda,Hurley,54,78
Tamqrah,Vilma,60,26
Rori,O'Rourke,75,79
Konstance,Weitman,74,90
Celene,Kunin,68,95
Yetty,Bethany,47,0
Annice,Cadmar,79,99
Yetty,Virgin,16,68
Robbi,Jary,98,83
Wanda,Peonir,53,75
Tersina,Ciro,94,2
Helena,Ahab,8,100
Ivett,Vanni,32,65
Silvana,Candy,49,9
Delilah,Adalbert,93,43
Riannon,Jerold,86,61
Dotty,Rheingold,63,72
Danika,Caitlin,92,22
Marguerite,Fosque,22,42
Morganica,Eugenia,55,67
Doralynne,Cassius,15,1
Mureil,Christine,47,57
Suzette,O'Carroll,82,88
Jan,Lynn,11,72
Goldie,Oriana,24,3
Imojean,Isidore,71,5
Alyssa,Elvyn,78,42
Larine,Magdalen,52,3
Stacey,Cosenza,25,49
Teddie,Mich,25,63
Liana,Haldas,36,34
Lulita,Fillbert,32,98
Ginnie,McNully,77,12
Judy,Yoko,73,83
Malina,Norvol,43,63
Emmey,Schenck,61,15
Elfreda,Delacourt,79,21
Mathilda,Hachmin,5,73
Teddie,Jalbert,6,65
Rosene,Ledah,65,36
June,Llovera,14,62
Caritta,Leary,34,24
Amelia,Sammons,82,37
Debee,Tippets,37,89
Ulrike,Adalbert,89,11
Patricia,Colbert,19,97
Elmira,Connelly,24,52
Sandie,Marcellus,18,57
Gabriellia,Bluh,71,75
Fayre,Syd,1,51
Britte,Si,23,64
Isa,Gemini,5,78
Dione,Cosenza,87,30
Rochette,Burnside,13,13
Andeee,Latini,78,68
Luci,Dorcy,71,53
Vere,Fairweather,37,41
Margarette,Berard,70,76
Xylina,Tarrant,90,65
Halette,Engdahl,6,23
Margette,Kolnick,27,87
Claudina,Delp,35,91
Frances,Nore,11,79
Daryl,Goddard,79,55
Jany,Germann,7,81
Caritta,Darian,75,11
Tiffie,Zrike,56,42
Roseline,Linehan,67,84
Ketti,Gaal,22,5
Inga,Gunn,89,21
Jinny,Freddi,19,2
Ofilia,Bearnard,2,99
Teddie,Pascia,0,55
Olwen,Esmaria,6,99
Livvyy,Mallon,96,80
Fanchon,Pillsbury,3,91
Randa,Parette,80,59
Barbi,Hanleigh,79,61
Zaria,Michella,39,24
Aryn,Rheingold,78,0
Rosene,Macey,8,57
Modestia,Henrie,25,90
Roslyn,Fiann,81,56
Feliza,Wesle,69,53
Halette,Kiyoshi,36,89
Cam,Leifeste,49,8
Johna,Yerkovich,7,47
Michaelina,Madaih,73,50
Roseline,Land,13,52
Teriann,Joni,32,63
Renae,Faust,6,20
Lizzie,Germann,24,94
Amalie,Skurnik,97,75
Tiffie,Wesle,20,42
Petronia,Justinn,85,15
Ivett,Shirberg,1,45
Sheelagh,Khorma,94,80
Priscilla,Raseda,82,35
Justinn,Simmonds,71,89
Berta,Tengdin,40,22
Roslyn,Rubie,55,85
Dagmar,Charity,67,25
Damaris,Koziara,1,35
Nollie,Caitlin,42,64
Gale,Burkle,97,64
Frieda,Wooster,2,11
Marsiella,Carolin,38,91
Judy,Mathilde,61,36
Allis,Aida,51,24
Dari,Lauraine,37,5
Lucille,Joeann,94,66
Josephine,Ephrem,100,79
Lory,Toffic,20,82
Jobi,Damarra,4,65
Pearline,Matthew,19,20
Mahalia,Rocray,93,47
Chandra,Bahr,34,100
Natka,Wesle,75,83
Krystle,Celestine,40,4
Bobbi,Yorick,38,32
Nananne,Sholley,64,35
Ofilia,Ogren,26,39
Winny,Taam,65,39
Berget,Means,25,65
Jolyn,Firmin,59,0
Ericka,Xerxes,14,45
Therine,Donell,7,85
Janenna,Bonilla,51,78
Emmey,Muriel,92,71
Leeanne,Glenden,21,91
Lindie,Darian,10,53
Loree,Florina,70,70
Janenna,Jobi,61,61
Wilma,Flyn,52,46
Emilia,Vacuva,62,73
Linzy,Bates,7,33
Carmela,Plato,67,30
Edyth,Joni,39,4
Cindelyn,Cadmar,81,87
Belva,Alice,25,43
Genevra,Sheng,85,34
Camile,Bashemeth,68,14
Ebonee,Cecile,1,15
Tracey,Ahab,21,50
Janeczka,Hull,48,65
Correy,Edee,34,73
Max,Valoniah,49,39
Drucie,Riva,95,50
Mireielle,Mozelle,43,50
Chandra,Urania,55,38
Max,Toni,87,51
Regina,Fax,36,37
Jerry,Flyn,76,26
Ninnetta,Baudin,37,44
Lorenza,Raychel,12,62
Mariele,Rugen,51,88
Sissy,Suk,1,75
Celene,Schalles,46,2
Tami,Maisey,87,79
Dorene,Thema,76,47
Celestyna,Diann,38,96
Gilligan,Chobot,5,61
Etta,Noam,0,68
Gabriellia,Maurine,76,41
Monika,Genna,41,29
Kassey,Yam,79,94
Etta,Skurnik,25,35
Demetris,Morgun,6,48
Wilma,Cecile,38,59
Merrie,Percy,33,8
Ariela,Shirberg,11,78
Madalyn,Mehalek,23,30
Gisela,Holtz,80,27
Bee,Gale,15,16
Ashlee,My,88,74
Oona,Niccolo,91,11
Louella,Krystle,5,26
Natka,Ricki,11,90
Micheline,Croix,35,19
Cherilyn,Armanda,79,68
Ermengarde,Ferrell,0,57
Jessamyn,Cosenza,4,97
Darci,Jefferey,97,73
Imojean,Alcott,8,47
Clementine,Stacy,75,62
Sherrie,Tremayne,65,63
Ginnie,Pillsbury,6,64
Keelia,Pascia,30,39
Georgina,Harday,8,6
Aryn,Pacorro,73,49
Mary,Constancy,39,63
Shauna,Gaynor,91,89
Nita,Juliet,49,10
Molli,Craggie,98,36
Sherrie,Sperling,97,4
Coral,Tatianas,82,60
Britni,Hieronymus,24,29
Britni,Phyllis,48,78
Micheline,Poppy,46,89
Ana,Denis,0,46
Barbi,Pulsifer,57,99
Cassandra,Sinegold,20,40
Abbie,Charmine,24,64
Doralynne,Podvin,21,97
Bibby,Colp,44,62
Edyth,Shaver,5,53
Diena,Malvino,82,38
Keelia,Chauncey,4,24
Sara-Ann,McNully,56,62
Nita,Peonir,50,17
Corry,Joli,23,34
Ronna,Zuzana,34,49
Mahalia,Atonsah,87,2
Roberta,Wu,97,56
Winifred,Kronfeld,34,40
Aaren,Anestassia,4,36
Elise,Willie,92,45
Devina,Burkle,71,46
Dagmar,Hourigan,32,48
Dacia,Sabella,60,8
Krystle,Hanleigh,63,28
Concettina,Honoria,17,19
Desirae,Leler,30,45
Lonnie,Larochelle,73,23
Gwenneth,Milde,12,47
Sindee,Schalles,26,45
Arabel,Zola,72,59
Jacenta,Podvin,29,46
Anthia,Amadas,47,29
Flory,Aurelio,94,93
Jenilee,Madelene,34,37
Mallory,Candy,19,33
Magdalena,Joli,53,36
Romona,Joseph,43,24
Elie,Colleen,64,45
Nickie,Gwenore,44,90
Max,Lilas,27,100
Lauryn,Annabella,26,23
Shandie,Lymann,23,73
Talya,Yam,43,8
Stevana,Carvey,55,15
Courtnay,Shirberg,63,70
Tamqrah,Ashok,99,59
Gusella,Riva,45,68
Hallie,Drus,43,1
Belinda,Si,13,34
Tami,Primalia,14,10
Jolyn,Loeb,21,85
Blinni,Vins,21,15
Gusella,Wenoa,31,68
Chere,Whiffen,34,26
Arlena,Raychel,79,21
Kayla,Adalbert,39,47
Deedee,Jerold,14,52
Jaclyn,Bibi,6,13
Nerta,Noam,36,2
Melanie,Joachim,31,59
Althea,Alexandr,94,1
Selma,Wareing,69,60
Mureil,Dom,99,16
Cassondra,Bahr,27,90
Shauna,Shaver,54,86
Hyacinthe,Natalia,25,85
Suzette,Geffner,58,10
Kellen,Peonir,27,60
Estell,Kevon,5,36
Concettina,Septima,19,17
Priscilla,Anastatius,60,99
Hope,Rustice,86,16
Quintina,Dyche,79,84
Roberta,Judye,35,46
Jsandye,Skurnik,93,57
Bertine,Thar,12,44
Camile,Pauly,16,98
Tersina,MacIntosh,72,2
Brooks,Santoro,83,84
Kalina,Emanuel,93,60
Valera,Vivle,81,15
Isa,Capello,98,95
Verla,Angelis,89,93
Lanna,Rudolph,68,30
Tamqrah,Markman,78,36
Lita,Suk,50,70
Olwen,Yoko,97,10
Frank,Maiah,83,44
Georgetta,Tannie,0,41
Misha,Terrence,14,49
Cyndie,Berl,98,17
Iseabal,Imelida,79,62
Gwenneth,Miru,47,72
Kylynn,Federica,51,7
Isa,Ivens,9,75
Gui,Goerke,92,58
Trixi,Andrel,58,59
Cam,Wiener,66,98
Oona,Freddi,79,60
Flory,Leffen,86,26
Korrie,Rosette,68,47
Elka,Merat,86,8
Barbara,Giule,95,58
Taffy,Sherrie,26,97
Sherrie,Lemuela,16,13
Nita,Joseph,88,57
Konstance,Jarib,12,69
Maud,Cavan,53,22
Addia,Remmer,95,72
Charmaine,Dimitris,66,24
Kittie,Firmin,91,63
Gerianna,Morrill,15,10
Kenna,Fry,4,8
Rhea,Diogenes,6,73
Trixi,Secrest,97,5
Eve,Pillsbury,1,37
Kary,Forrer,51,9
Oona,Juliet,42,0
Karena,Lymann,19,32
Beth,Cyrie,79,79
Janey,Kimmie,80,11
Mignon,Deegan,79,95
Chloris,Pauly,60,76
Bobbi,Isidore,24,79
Ida,Jenness,7,37
Robbi,Elisha,77,78
Marnia,Tayib,63,38
Sharai,Brunell,12,83
Sindee,Zeeba,77,45
Bobinette,Madox,45,47
Jennica,Heisel,69,43
Jennica,Behre,58,95
Carilyn,Orelee,39,3
Diena,Honoria,6,66
Nickie,Gaspard,98,85
Mureil,Vilma,39,0
Albertina,Hazlett,47,21
Christy,Dominy,48,5
Cassondra,Jalbert,38,27
Kenna,Pattin,38,23
Lizzie,Yuille,80,50
Miquela,Means,99,15
Laurene,Schalles,92,93
Zaria,Pulsifer,45,100
Antonietta,Bahr,61,2
Pierette,Pauly,33,56
Pearline,Gino,82,50
Sherrie,Shuler,93,63
Coral,Obed,43,32
Shaylyn,Buttaro,27,51
Christian,Pandolfi,28,63
Edyth,Georas,44,53
Wanda,Montgomery,22,98
Helena,Abbot,47,10
Belva,Carey,72,41
Merle,Jethro,23,8
Ellette,Madox,65,96
Natka,Lacombe,49,88
Nonnah,Hepsibah,52,35
Amara,Gamaliel,62,2
Shirlee,Muriel,66,74
Micheline,Gaspard,21,35
Oona,Garbe,64,94
Mignon,Berne,29,40
Heida,Gaynor,2,32
Carol-Jean,Hanleigh,71,80
Cherilyn,Pitt,43,89
Gabriellia,Gaynor,20,27
Micheline,Ardeha,7,78
Rosaline,Gombach,13,38
Kylynn,Naashom,97,75
Gui,Duwalt,64,58
Jean,Knowling,25,23
Jenda,Mata,97,74
Carilyn,Yerkovich,30,52
Jere,Deny,76,56
Dorice,Dannye,12,4
Betta,Justinn,17,1
Neila,Jacqui,52,15
Goldie,Jess,31,99
Paulita,Ortrude,36,41
Johna,Anestassia,99,96
Belva,Montgomery,49,57
Jerry,Lane,22,74
Susan,Junie,79,86
Aurelie,Lunsford,93,41
Hope,Alabaster,9,90
Collen,Kathie,50,55
Catharine,Kamaria,19,96
Charissa,Bergman,100,93
Cathie,Jethro,47,34
Vonny,Raychel,40,5
Robbi,Carvey,77,75
Grier,Goerke,35,46
Rivalee,Adlare,74,13
Brandise,Friede,11,45
Iseabal,Phi,93,32
Annecorinne,Rustice,68,61
Hallie,Rosemary,56,3
Emilia,Glenden,52,77
Willetta,Ethban,29,86
Joeann,Blisse,63,78
Helsa,Grosz,6,70
Clo,Barbey,90,0
Rani,Old,58,16
Benita,Solitta,46,87
Jackie,Harday,77,80
Lauryn,Bates,54,49
Debee,Ruvolo,47,34
Ira,Scammon,84,45
Gwyneth,Pulsifer,25,40
Riannon,Germann,14,78
Emma,Mich,45,16
Chrystel,Miru,43,10
Micheline,Eckblad,53,79
Hettie,Therine,19,52
Starla,O'Neill,46,40
Elmira,Yerkovich,87,87
Aigneis,Auberbach,100,26
Dulce,Zetta,98,90
Bee,Joli,67,14
Dulce,Klemperer,8,21
Joelly,Ruvolo,28,3
Frieda,Glovsky,15,68
Ernesta,Brittani,5,53
Chere,Means,38,44
Meg,Oscar,19,30
Raf,Imelida,11,96
Ericka,Christal,11,48
Ilse,Skurnik,37,0
Gisela,Secrest,79,87
Marika,Thornburg,70,15
Nickie,Wittie,60,5
Janis,Gibbeon,0,35
Cathyleen,Brady,17,17
Taffy,Evangelia,100,92
Micheline,Percy,60,66
Cindelyn,Dulciana,67,59
Lyssa,Wesle,76,99
Cyb,Chabot,72,82
Celene,Callista,98,5
Maisey,Morehouse,17,9
Gisela,Ellord,54,28
Kara-Lynn,Brady,4,93
Benita,Sekofski,35,21
Nollie,Flyn,57,90
Carlie,Matthew,29,40
Teriann,Shelba,74,25
Paulita,Trace,50,56
Sashenka,Briney,63,56
Ketti,Wareing,61,53
Livvyy,Keily,88,60
Yvonne,Dyche,15,91
Carol-Jean,McAdams,99,70
Josephine,Bach,6,0
Gretal,Leler,22,2
Cacilie,Koehler,0,26
Nadine,Merna,66,13
Sue,Blisse,34,19
Bill,Seagraves,18,11
Jillayne,Medrek,40,27
Lila,Claudine,54,24
Averyl,Brady,57,48
Kore,Latini,23,19
Yetty,Cohdwell,65,90
Mady,Redmond,6,63
Elmira,McNully,31,26
Petronia,Eno,33,83
Lorenza,Bergman,60,57
Sam,Brady,82,31
Heida,Wyn,23,21
Perry,Lamoree,13,65
Netty,Adlare,64,98
Halette,Malvino,64,35
Shirlee,Hutchison,96,95
Jany,Rocray,68,65
Shirlee,Ackerley,55,77
Claudina,Ajay,43,51
Amalie,Kathie,40,93
Vinita,McNully,73,35
Adele,Egbert,74,62
Ivett,Turne,8,57
Ermengarde,Rudolph,89,73
Krystle,Durware,18,14
Barbi,Connelly,56,95
Ardenia,Ivens,65,70
Rhea,Erlandson,70,22
Helsa,Fadiman,42,78
Marylou,Geffner,90,46
Feliza,Swigart,80,15
Adriana,Tiffa,64,19
Valli,Edmund,96,56
Elsie,Billye,65,56
Gretal,Erlandson,7,57
Audrie,Cressida,72,73
Georgetta,Kamaria,31,31
Ricky,Vastah,3,1
Mellicent,Ortrude,46,33
Dale,Ioab,6,0
Alexine,Chinua,87,93
Viki,Madox,81,79
Nananne,Kesley,28,13
Brianna,Flita,11,95
Silvana,Cynar,27,97
Merci,O'Carroll,51,9
Lorenza,Cassius,47,84
Marguerite,Quinn,82,15
Randa,Leopold,30,19
Adele,Loeb,29,59
Ana,Melan,91,7
Sarette,Libna,7,89
Betta,Lowry,24,94
Sharai,Suanne,94,99
Renie,Stanwood,33,12
Hyacinthe,Behre,9,95
Damaris,Lenny,27,83
Ricky,Hepsibah,75,8
Aubrie,Bronk,82,29
Cathie,Darbie,8,60
Oralee,Leonard,38,45
Brynna,Hurley,0,43
Maurene,Eno,99,56
Ardys,Autrey,26,45
Deedee,Eachern,17,90
Alameda,Terrence,81,62
Lita,Goth,85,88
Elvira,Shama,8,11
Tobe,Wilona,89,57
Carmela,Keily,37,43
Oona,Bevin,90,99
Misha,Nahum,97,19
Paule,Felecia,42,22
Gianina,Lowry,61,69
Minne,Scammon,57,57
Julieta,Kenwood,84,76
Jan,Taima,7,92
Philis,Muriel,72,37
Joeann,Jillane,33,67
Bobinette,Zitvaa,39,64
Rosaline,Natica,2,60
Reeba,Hertzfeld,59,98
Tybie,Salvidor,53,48
Marline,Dearborn,16,18
June,Quent,77,18
Meghann,Taima,30,76
Coral,Wooster,47,38
Gusella,Sophronia,33,41
Shel,Ephrem,90,43
Madalyn,Brotherson,88,60
Liana,Eldrid,67,57
Mallory,Amasa,66,75
Sonni,Burch,76,85
Carly,Torray,55,62
Marsiella,Buffum,47,69
Bobbi,Destinee,1,51
Brandise,Manolo,60,34
Bibby,Vanni,1,16
Mady,Voletta,90,71
Sibella,Ardra,91,67
Shannah,Naashom,95,74
Kayla,Wolfgram,52,87
Estell,Jary,49,6
Layla,Scammon,19,71
Rosene,Dermott,44,3
Tani,Johanna,52,75
Gwyneth,Chrystel,14,76
Dorthy,Bonucci,26,44
Dawn,Donoghue,63,83
Cassandra,Chauncey,29,56
Ann-Marie,Couture,22,46
Anica,Land,79,94
Linzy,Smitt,19,50
Starla,Lesley,39,79
Tobe,Alabaster,42,10
Jsandye,Ardra,39,24
Marcy,Mandler,74,55
Alleen,Trinetta,60,37
Lory,Clywd,93,79
Cacilie,Wesle,62,55
Ruthe,Jeanne,27,1
Barbi,Alcott,80,29
Brena,Bluh,80,1
Andeee,Daniele,45,92
Fred,Braun,38,81
Kaja,Sothena,64,33
Dorice,Cohdwell,87,59
Roslyn,Lindemann,95,70
Ada,Middleton,28,10
Tori,Darian,18,26
Fanny,Burch,15,87
Sheelagh,Posner,58,97
Ruthe,Quinn,74,35
Karly,Drisko,43,59
Dorthy,Ietta,15,68
Drucie,Alejoa,92,16
Alexine,Hanshaw,2,69
Elbertina,Rosette,23,100
Magdalena,Guildroy,64,61
Lacie,Helfand,57,16
Shaine,Lilas,84,93
Nyssa,Vernier,42,21
Ileana,Moina,59,2
Vere,Docilla,82,7
Jillayne,Bluh,13,54
Margette,Francene,49,61
Karlee,Bronk,37,91
Alleen,Marcellus,82,27
Kate,Fontana,25,100
Ariela,Sidonius,92,43
Lucy,Greenwald,73,19
Lanna,Ventre,54,67
Mary,Allina,37,31
Olwen,Rossner,90,5
Zsa Zsa,Jammal,51,100
Chloris,Gino,23,27
Myriam,Colbert,47,69
Ermengarde,Ummersen,64,48
Christian,Argus,99,91
Nadine,Stevy,37,58
Marika,Plato,31,70
Elsie,Goode,65,23
Teriann,Orpah,15,67
Cathie,Carolin,20,15
Doralynne,Joseph,57,44
Nessie,Felecia,48,22
Emilia,Ackerley,37,3
Kellen,Jaylene,87,84
Sidoney,Aloise,9,90
Brena,Goode,12,14
Glynnis,Hewitt,59,99
Mariann,Pattin,50,53
Addia,Maryanne,51,37
Trixi,Yam,42,76
Laurene,Nerita,39,36
Fayre,Silvan,46,9
Deedee,Quinn,34,97
Emma,Bahr,22,31
Lilith,Cohdwell,42,29
Moyna,Persse,77,2
Tami,Honoria,28,98
Winny,Wilkinson,85,41
Jere,Martguerita,43,18
Imojean,Charmine,57,29
Kamilah,Hoban,22,35
Nita,Vilma,13,61
Silvana,Susannah,48,3
Mignon,Birdella,96,61
Ellette,Shama,83,35
Iseabal,Haerr,72,44
Nadine,Odysseus,41,22
Theodora,Fiann,74,87
Chrystel,Paine,50,2
Kellen,Sophronia,41,3
Krystle,Geffner,15,94
Brietta,Cutlerr,54,18
Elise,Birdella,96,3
Taffy,Estella,7,52
Susette,Revkah,50,84
Nannie,Tillford,67,29
Olwen,Bari,100,7
Alisha,Dominy,84,52
Tybie,Emmaline,54,26
Regina,Ivens,93,65
Kathy,Cookie,50,95
Clo,Dulciana,70,13
Korrie,Ashok,56,28
Phylis,Christine,14,60
Arabel,Alarise,26,31
Concettina,An,21,55
Margalo,Ezar,4,37
Meg,Chabot,0,69
Jere,Angelis,71,54
Kimberley,Seligman,53,91
Elbertina,Olin,14,36
Flo,Holtz,74,43
Thalia,Barrus,100,19
Fernande,Monaco,53,15
Aili,Kimmie,94,48
Romona,Love,38,83
Jeanna,Kronfeld,24,24
Glenda,Arathorn,97,11
Sonni,Dahlia,61,46
Fina,Cottle,9,58
Dyann,Nicoline,60,54
Wynne,Bettine,20,99
Janeczka,Niles,81,80
Leia,Autrey,27,46
Misha,Cohdwell,58,86
Valeda,Radu,18,71
Mariann,Oster,83,89
Elyssa,Hathaway,96,73
Deedee,Milson,95,21
Halette,Sidonius,80,37
Wilma,Isidore,46,42
Daphne,Anis,50,36
Oralee,Olympium,9,96
Roz,Pitt,1,21
Charlena,Garrison,59,56
Christy,Alisia,83,21
Tera,Maurine,1,44
Darci,Artie,91,21
Fanny,Gordon,27,67
Carmencita,Charmine,64,57
Mignon,Tamsky,99,91
Caritta,Karylin,87,78
Dianemarie,Hertzfeld,100,71
Kenna,Hailee,79,28
Elvira,Sancho,80,66
Cristabel,Ashok,15,19
Damaris,Dex,68,89
Shauna,Adalbert,17,51
Melodie,Deny,38,83
Krystle,Weide,26,60
Myrtice,Ulphia,8,88
Katuscha,Bartlett,58,69
Jessy,Wiener,33,7
Evita,Abbot,47,88
Audrie,Neils,14,15
Abbie,Mallon,31,78
Correy,Croix,11,5
Penelopa,Wareing,10,71
Taffy,Sundin,42,24
Shaine,Standing,17,13
Claresta,Casimir,48,10
Raina,Craggie,5,49
Hayley,Rugen,77,39
Stacey,Jacinda,43,53
Sam,Berne,32,98
Ann-Marie,Marlie,20,84
Di,Shelba,85,32
Tamqrah,Ricarda,40,55
Cristine,Redmond,57,18
Kial,Melony,47,19
Karina,Konyn,2,11
Heida,Heidt,58,52
Agnese,Quinn,23,36
Justinn,Verger,50,61
Ariela,Lenny,7,6
Libbie,Fairweather,20,2
Gloria,Gert,66,48
Nessie,Guildroy,44,18
Nannie,Hoenack,20,17
Deedee,Slifka,43,94
Rosene,Dawkins,96,41
Gaylene,Abernon,57,57
Tera,Dielu,79,30
Katuscha,Niccolo,5,27
Ashlee,McNully,68,67
Jsandye,Mich,100,89
Gertrud,Schalles,36,100
Nerta,Hebner,80,52
Blake,Fredi,63,90
Britte,Ovid,52,79
Jobi,Nickola,92,93
Binny,Cavan,79,44
Juliane,Michella,77,47
Corene,Sperling,23,22
Veda,Kristi,10,51
Carlie,Aloise,73,40
Ilse,Leifeste,3,33
Abbie,O'Rourke,33,85
Thalia,Lauraine,61,95
Oona,Maribeth,66,27
Zaria,Virgin,21,82
Consuela,Malanie,17,99
Nannie,Clie,5,61
Chastity,Marlie,40,73
Tarra,Torray,83,29
Caritta,Amasa,1,52
Nannie,Garlinda,45,59
Shirlee,Drus,94,86
Joy,Madaih,23,87
Goldie,Margarete,95,91
Florencia,Prober,95,48
Joane,Thunell,0,56
Delilah,Katrine,40,62
Micheline,Tybald,90,37
Renie,Suanne,85,83
Dagmar,Sawtelle,8,49
Maisey,Bashemeth,46,11
Aryn,Ball,4,97
Adriana,Gino,95,49
Livvyy,Sheng,54,10
Flo,Huggins,50,45
Cathie,Quinn,38,8
Marsiella,Jeanne,98,99
Jordan,Goddard,36,87
Atlanta,Rebecka,57,99
Aurore,Azeria,29,43
Ericka,Meter,88,39
Jessamyn,LaRue,95,50
Verla,Bandeen,53,31
Mahalia,Ovid,12,73
Benita,Bates,89,83
Sam,Thad,24,24
Vere,Vivle,25,64
Jsandye,Kylander,96,13
Rochette,Verger,9,12
Georgetta,McAdams,100,22
Jackie,Weaks,80,24
Roberta,Old,53,64
Cherrita,Waite,43,8
Nelle,Strephon,66,31
Wilma,Creamer,86,68
Ashlee,MacIntosh,0,49
Sharlene,Stoller,38,45
Celestyna,Brodench,24,47
Sharlene,Guthrie,76,59
Consuela,Olin,25,93
Claudina,Charmine,98,28
Eolanda,Natalia,67,77
Kristan,Egbert,10,8
Benita,Sancho,67,40
Chloris,Mathilde,34,89
Eugine,Carey,56,43
Babita,Lea,65,97
Judy,Elsinore,33,73
Gloria,Noman,93,15
Joelly,Brenn,72,34
Dorothy,Pandolfi,26,22
Kassey,Hachmin,91,5
Justinn,Bouchard,45,42
Marita,Selway,95,62
Carree,Emmy,69,75
Winifred,Sperling,77,26
Jessy,Donell,70,39
Larine,Jillane,46,51
Ayn,Sherfield,59,54
Leontine,Lamoree,86,89
Carly,Olympium,85,43
Modestia,Shama,89,69
Briney,Reinke,87,44
Zia,Vary,15,52
Joceline,Gerge,51,20
Alisha,Kiersten,54,14
Sindee,Marsden,98,4
Alyda,Alexandr,25,88
Annice,Louanna,78,69
Halette,Zaslow,24,15
Arlina,Alva,50,60
Fidelia,Chrystel,42,0
Norine,Lacombe,25,6
Coral,Durante,56,55
Blinni,Fiester,94,26
Raf,Ade,39,47
Madeleine,Ruvolo,12,44
Petronia,Ade,62,27
Debee,Rogerio,23,12
Ofilia,Garbe,83,60
Raf,Georas,78,31
Lyssa,Iaverne,13,16
Vita,Shirberg,3,60
Ekaterina,Abernon,9,22
Lelah,Isidore,82,7
Damaris,Avi,36,75
Emma,Thornburg,32,52
Celisse,Carey,85,43
Korrie,Cecile,95,58
Vevay,Sigfrid,27,59
Elie,Sikorski,23,100
Eadie,Blase,5,25
Dominga,Middleton,87,94
Caressa,Nedrud,84,60
Miquela,Carey,30,16
Fanchon,Laverne,76,74
Cordi,Federica,56,62
Pollyanna,Tamsky,51,54
Celene,Smitt,85,11
Rebeca,Randene,72,6
Atlanta,Voletta,34,64
Sara-Ann,Raseda,28,16
Hayley,Maxi,37,77
Rubie,Sophronia,30,45
Lorie,Macey,18,24
Kial,Pauly,38,32
Almeta,Margarete,7,60
Gisela,Elo,72,68
Cherrita,Lilybelle,70,15
Melanie,Dudley,2,57
Ashlee,Buckler,53,79
Tierney,Delila,64,40
Arlena,Jenness,18,15
Letizia,Tannie,2,22
Susan,Avi,4,43
Letizia,Waldron,52,4
Jennica,Sacken,98,20
Steffane,Land,57,88
Regina,Old,72,7
Sharai,Katrine,40,61
Kristan,Marijo,32,40
Brianna,Fosque,55,80
Farrah,Kare,22,94
Sherrie,Durware,63,45
Karena,Land,6,25
Nadine,Cherianne,26,62
Teddie,Goth,9,6
Daryl,Loeb,80,85
Noelle,Rudolph,90,14
Margalo,Clie,80,40
Christian,Ilka,8,85
Katleen,Auberbach,57,27
Cassondra,Niles,47,10
Codie,Colyer,72,2
Netty,Anderea,28,86
Candy,Shirberg,73,87
Kirbee,Lewes,14,1
Ilse,Kosey,55,19
Kate,Alcott,62,13
Meg,Ferino,34,81
Tarra,Jefferey,14,34
Myriam,Greenwald,87,57
Jolyn,Mendez,95,54
Mellicent,Ellerey,92,10
Deloria,Janith,40,28
Dorthy,Sophronia,94,22
Catrina,Huggins,74,42
Inga,My,73,61
Joy,Lunsford,12,24
Lelah,Screens,44,23
Clo,Kronfeld,56,41
Fernande,Lacombe,76,83
Hollie,Delp,6,38
Nyssa,Lia,43,42
Taffy,Bonilla,83,97
Meriel,Marisa,14,12
Ayn,Helfand,56,91
Dania,Anselmi,23,59
Daune,Ochs,34,54
Morganica,Ackerley,19,52
Ida,Fillbert,61,14
Cassandra,Ciapas,36,91
Perry,Noman,69,92
Bobbi,Timon,93,33
Cacilie,Arvo,0,88
Joceline,Ogren,85,69
Sabina,Torray,54,35
Larine,Federica,41,73
Etta,Nisbet,8,23
Belva,Pauly,77,70
Joelly,Marcellus,90,0
Demetris,Chabot,75,87
Brena,Devlen,75,47
Teriann,Edee,42,84
Gisela,Maribeth,29,10
Monika,Salchunas,46,11
Devina,Morgun,11,92
Joelly,Jotham,57,83
Pearline,Stacy,64,40
Stephanie,Sammons,40,95
Carlie,Olympium,41,45
Bertine,Rubie,66,95
Leia,Sharl,97,56
Petronia,Kinnard,59,46
Selia,Donell,59,94
Ernesta,Hewitt,88,36
Corina,Tengdin,74,29
Clementine,Amasa,24,16
Mureil,Fink,94,78
Katharina,Flita,51,9
Roxane,Leary,2,38
Carmencita,Maisey,87,95
Jerry,Darrell,18,14
Lulita,Vanni,8,68
Randa,Heidt,86,92
Adriana,Hepsibah,98,30
Tori,Wesle,62,77
Marinna,Reinke,94,58
Hope,Mathilde,33,46
Perry,Nester,47,63
Gilligan,Kermit,66,71
Sindee,Tound,26,85
Ninnetta,Nea,100,70
Althea,Reidar,26,36
Anestassia,Dreda,95,100
Shell,Suzetta,40,83
Lelah,Allys,34,67
Desirae,Boehike,12,46
Hollie,Presber,54,28
Florencia,Joachim,47,46
Berta,Moseley,45,5
Betta,Pascia,62,81
Micheline,Erb,77,22
Starla,Toor,78,26
Willetta,Camden,7,59
Ardys,Tarrant,70,10
Cyndie,Moseley,17,23
Miquela,Nance,70,11
Lauryn,Ferrell,58,21
Ethel,Mott,55,88
Lily,Hieronymus,58,52
Molli,Moina,73,38
Nickie,Morehouse,81,34
Coral,Aloise,25,70
Arlena,Marden,57,75
Julieta,Libna,69,94
Trixi,Dash,19,10
Donetta,Wattenberg,77,71
Justinn,Kolnick,30,9
Keelia,Modie,90,56
Calla,Larochelle,35,95
Corina,Raama,4,86
Tracey,Hedve,3,37
Nananne,Chem,52,89
Fred,Martguerita,22,47
Jean,Eckblad,61,92
Grier,Catie,75,85
Carmencita,Eachern,82,13
Dode,Georas,5,12
Benita,Greyson,3,45
Frieda,Ahab,14,23
Valera,Darian,47,7
Ethel,Guildroy,32,22
Ursulina,Chem,88,38
Corry,Kazimir,77,39
Allyce,Ulphia,49,74
Aurore,Stilwell,61,36
Morganica,Fitzsimmons,79,43
Mariann,Duwalt,91,69
Emma,Cottle,68,71
Yvonne,Seligman,85,61
Annecorinne,Fosque,97,7
Brynna,Velick,99,0
Malina,Minetta,45,67
Gabriellia,Brady,82,14
Kristan,Tyson,88,76
Regina,Callista,40,33
Diena,Wareing,52,86
Candi,Buffum,61,94
Agnese,Bennie,42,82
Jan,Tyson,23,82
Valera,Nore,0,31
Mahalia,Anis,4,54
Elyssa,Arley,70,12
Steffane,Cookie,10,9
Brana,Ochs,70,66
Catrina,Francene,91,97
Vere,Dimitris,18,60
Alameda,Dex,83,33
Edith,Selway,33,7
Fanchon,Gaspard,59,74
Charlena,Tybald,93,14
Max,Ambrosia,47,2
Mamie,Lail,47,55
Margalo,Beebe,8,24
Di,Irmine,80,68
Ingrid,Carri,5,55
Ebonee,Elbertina,15,93
Charmaine,Bouchard,53,37
Trudie,Morgun,85,27
Theodora,Aurelio,52,79
Joleen,Francene,38,82
Katuscha,Curren,86,14
Amelia,Milson,30,18
Alleen,Radu,81,43
Cathie,Caitlin,87,81
Lonnie,McLaughlin,14,42
Jacenta,Sasnett,84,32
Emilia,Bord,72,87
Orelia,Huggins,93,41
Lenna,Afton,37,100
Adelle,Saree,9,84
Addia,Elisha,17,58
Elyssa,Cecile,21,82
Willetta,Merell,76,5
Teddie,Brenn,98,46
Dode,Dex,86,26
Kaia,Flyn,47,6
Robbi,Anselmi,72,37
Lynde,Soneson,27,87
Tani,Marisa,30,73
Nananne,Howlyn,22,64
Max,Linehan,89,3
Merry,Boycey,80,0
Ileana,Whittaker,100,48
Heida,Medrek,98,37
Sonni,Clarissa,0,92
Mureil,Adlare,8,39
Jean,Ciapas,43,69
Alex,Elo,5,58
Jemie,Whittaker,96,59
Kirstin,Marcellus,3,7
Cherilyn,Bollay,86,6
Ericka,Brady,0,0
Katuscha,Meter,99,62
Paule,Cimbura,93,42
Shannah,Chem,34,94
Pearline,Thad,4,92
Jerry,McAdams,10,41
Daune,Nester,91,70
Maryellen,Bultman,20,32
Cassandra,Brodench,48,83
Nananne,Vanni,59,8
Philis,Sherrie,12,53
Aryn,Zrike,86,33
Katuscha,Hailee,55,98
Jacquetta,Holtz,66,40
Elora,Corrine,76,11
Sarette,Kermit,90,83
Esmeralda,Valerio,56,73
Roz,Brieta,95,84
Ezmeralda,Kristi,88,82
Raina,Eldrid,40,73
Noelle,Heisel,98,82
Etta,Johanna,82,80
Jolyn,Wattenberg,85,79
Alex,Oscar,20,20
Sean,Creamer,89,61
Melisent,Goth,76,71
Rayna,Juliet,3,98
Fina,Raychel,29,48
Kelly,Edee,78,73
Gretal,Kare,72,41
Sheelagh,Glenden,98,2
Marika,Shields,35,11
Marika,Liva,15,96
Ada,Delila,22,74
Amii,Pulsifer,23,17
Roseline,Federica,99,28
Mellicent,Monaco,90,15
Caressa,Saint,44,83
Tomasina,Simmonds,11,1
Leia,Kendrick,50,1
Kate,Maroney,30,19
Brooks,Ursulette,53,27
Regina,Tannie,33,94
Deane,Tyson,89,75
Bobinette,Vivle,82,85
Augustine,Jagir,58,29
Yvonne,Pond,86,89
Jennica,Quinn,17,100
Christal,Lesley,84,65
Pierette,Nickola,20,2
Allis,Greyson,42,66
Tarra,Colbert,38,97
Flo,Pip,60,16
Jinny,Burkle,49,3
Betta,Selway,90,67
Ardys,Masao,23,45
Fred,Socha,82,66
Natka,Leffen,23,48
Evaleen,Bouchard,75,54
Selma,Firmin,90,4
Linzy,Alexandr,26,90
Fanchon,Montgomery,6,44
Xylina,Skell,61,71
Ana,Iiette,7,56
June,Schalles,75,100
Cyb,Creamer,47,40
Benita,Evvie,30,22
Ann-Marie,Wilkinson,61,52
Helsa,Turne,68,51
Jacquetta,Malanie,98,42
Kristina,Giule,35,31
Taffy,Dielu,51,92
Lulita,Carolin,73,85
Gaylene,Revkah,7,39
Karolina,Lindemann,2,35
Raina,Ledah,37,34
Alexine,Gherardo,72,18
Chere,Harriman,96,39
Korrie,Horan,4,88
Letizia,Arvo,62,18
Ronna,Stelle,38,44
Annecorinne,Alabaster,20,59
Daryl,Read,28,69
Minda,Toffic,96,0
Lenna,Travax,42,69
Amalie,Armanda,63,89
Dorene,Stuart,45,64
Kirbee,Odysseus,5,20
Selia,Greenwald,43,54
Nelle,Norvol,2,26
Jolyn,Ventre,62,75
Allyce,Afton,37,29
Dyann,Eno,78,23
Emelina,Zetta,77,30
Ursulina,Seumas,92,55
Marita,Fabiola,37,86
Netty,Roumell,39,58
Marcelline,Kolnick,12,42
Yolane,Peonir,30,68
Wanda,Cleo,83,53
Karolina,Abram,10,75
Consuela,Caitlin,42,45
Claudina,Codding,89,56
Pollyanna,Means,92,66
Suzette,Sancho,54,27
Jolyn,Isacco,63,54
Vonny,Guthrie,41,43
Cam,Milson,51,54
Lelah,Salvidor,92,29
Amii,Pierette,77,4
Valeda,Celestine,50,38
Leia,Ax,24,47
Wileen,Cloris,1,88
Zaria,Ammann,0,52
Adriana,Haerr,56,75
Elfreda,Rosalba,13,26
Christy,Hertzfeld,55,83
Gwyneth,Lea,11,65
Brietta,Longfellow,1,12
Binny,Berard,1,61
Rosabelle,Rudolph,59,49
Fina,Rustice,72,56
Calla,Muriel,67,38
Cordi,Leonard,29,80
Winifred,Heisel,92,49
Etta,Marlie,16,75
Melina,Belldas,69,0
Meg,Minetta,8,0
Starla,Pauly,43,88
Lenna,Shama,65,30
Mildrid,Boehike,48,94
Camile,Cressida,61,98
Viviene,Lia,48,3
Hyacinthe,Peg,55,20
Lynde,Briney,89,82
Carlie,Land,25,69
Roslyn,Brenn,7,79
Lita,Carleen,30,40
Gerianna,Reinke,18,64
Henriette,Hertzfeld,99,7
Gerrie,Waite,90,77
Marylou,Fax,45,70
Molli,Brackely,4,53
Vevay,Sherfield,65,40
Zaria,Franza,62,20
Katharina,Ariella,69,12
Romona,Joseph,37,27
Marcy,Kolnick,61,23
Gusella,Knowling,35,26
Bertine,Decato,15,53
Caritta,Grimbly,79,26
Annaliese,Bohlin,86,60
Jaime,Cressida,74,100
Flo,Teddman,5,79
Bertine,Brady,57,65
Robinia,Means,67,75
Merry,Nickola,90,56
Layla,Brackely,80,56
Ira,Cleo,70,88
Brandise,Melony,84,8
Halette,Eachern,68,82
Randa,Delila,89,2
Nickie,Bevin,12,63
Coral,Stover,29,66
Collen,Rozanna,56,53
Roberta,Holbrook,33,51
Joeann,Suzetta,70,69
Queenie,Pettiford,3,16
Melanie,Slifka,86,31
Oralee,Zachary,6,100
Nannie,Sandye,3,83
Orelia,Joeann,80,90
Evita,Alfons,3,60
Ginnie,Whiffen,55,63
Lily,Ardeha,33,37
Etta,Vivle,25,85
Sissy,Georgy,41,75
Edee,Amethist,36,72
Robinia,Darrell,43,42
Lindie,Garek,3,99
Ezmeralda,Gherardo,73,26
Shaylyn,Kolnick,47,75
Bill,Pierette,2,28
Carolina,Ariella,81,74
Ricky,Suk,61,48
Kristina,Peonir,31,42
Ronna,Bethany,49,47
Reeba,Erlandson,89,45
Barbara,Zrike,43,78
Babita,Irmine,96,26
Brooks,Nedrud,63,24
Letizia,Dominy,68,54
Benita,Brian,15,15
Josephine,Claudine,43,84
Elise,Tremayne,32,90
Orelia,Thar,57,50
Aili,Obed,57,14
Teriann,Gibbeon,100,25
Anallese,Anderea,74,1
Deane,Eiser,64,27
Bettine,Auberbach,58,43
Mady,Ochs,69,65
Shirlee,Kronfeld,5,89
Ottilie,Kannry,15,72
Bee,Diogenes,75,40
Britni,Ovid,98,0
Glenda,Skurnik,62,77
Elka,Neva,99,20
Elfreda,Brodench,7,9
Shauna,Seumas,97,15
Ashlee,Moina,67,28
Blake,Gino,22,82
Celene,Erminia,2,47
Janenna,Jeanne,87,43
Roseline,Raimondo,63,91
Elka,Grosz,78,3
Trixi,Tiffa,4,90
Carolina,Charity,83,96
Frances,Ranjiv,60,31
Laurene,Grayce,90,32
Kial,Waite,15,2
Evaleen,Pearse,56,85
Katuscha,Thema,64,23
Charissa,Trace,31,2
Marnia,Desai,49,53
Tierney,Ortrude,40,38
Ezmeralda,Alabaster,24,74
Marcelline,Caitlin,37,1
Tressa,Zola,96,38
Madelle,Jehu,87,94
Gui,Joeann,39,23
Jsandye,Annice,66,10
Marleah,Nunci,75,96
Krystle,Barbey,23,96
Agnese,Madelene,40,56
Henriette,Boycey,41,65
Deane,Peonir,81,41
Goldie,Karylin,55,33
Annaliese,Sabella,79,74
Merci,Yuille,26,76
Tomasina,Roche,28,52
Amelia,Bord,40,50
Riannon,Ventre,26,3
Siana,Gregrory,77,73
Kara-Lynn,Hachmin,8,67
Dulcinea,Sigfrid,97,27
Janenna,Eno,19,22
Sybille,Dermott,40,80
Pearline,Olympium,54,71
Karlee,Sekofski,17,3
Sarette,Reidar,60,50
Daryl,Suanne,6,94
Frank,Bonilla,90,55
Constance,Stover,80,96
Kary,Ulphia,77,46
Fina,Skell,66,51
Agnese,Verger,19,32
Margalo,Vale,82,91
Aurelie,Jefferey,46,42
Gavrielle,Wesle,42,38
Queenie,Richers,39,95
Sonni,Greenwald,28,56
Linet,Dorine,20,7
Myriam,Posner,93,56
Nonnah,Kalinda,92,65
Clary,Norrie,99,5
Deedee,Keily,3,95
Keelia,Yorick,34,99
Winny,Caitlin,4,13
Tiffie,Sammons,94,79
Fawne,Darian,99,98
Brana,Warthman,34,41
Belva,Dash,47,13
Claresta,Bivins,8,25
Betta,Marden,89,68
Clarice,Amethist,99,22
Heddie,Curren,49,44
Lyssa,Burnside,73,54
Julieta,Elsinore,61,43
Hermione,Pozzy,1,32
Shannah,Erb,23,99
Layla,My,6,47
Augustine,Hull,11,48
Penelopa,Ortrude,67,38
Elvira,Fadiman,21,69
Marylou,Audly,19,72
Jeanna,Lasley,36,53
Candy,Fiester,74,75
Dennie,Travax,77,3
Glynnis,Aloise,74,62
Heddie,Susannah,2,70
Ashlee,Grimbly,92,82
Catharine,Martsen,36,62
Kate,Harl,94,14
Dennie,Dawkins,29,89
Lucille,Helfand,93,41
Wileen,Helfand,74,40
Hyacinthe,Lunsford,26,80
Sue,Lasley,75,10
Selia,Brackely,19,47
Belinda,Sidonius,47,83
Ebonee,Holtz,68,99
Kimberley,Uird,24,84
Karena,Damarra,86,97
Tatiania,Raychel,86,33
Goldie,Norrie,36,15
Kittie,Chrystel,82,58
Stacey,Alarise,86,32
Karly,Arathorn,81,24
Brietta,Lytton,18,0
Ellette,Alice,52,86
Aigneis,Heidt,78,22
Ardeen,Orpah,47,37
Tani,Primalia,80,57
Roslyn,Cosenza,12,53
Ardeen,Bevin,76,3
Jeanna,Sammons,57,5
Brooks,Ehrman,65,4
Sara-Ann,Xerxes,18,66
Viviene,Podvin,34,53
Jordan,Crudden,43,75
Tybie,Voletta,26,58
Cathyleen,Blase,23,46
Audrie,Kellby,49,40
Etta,Selway,24,6
Shaine,Creamer,84,71
Sarette,Martguerita,8,42
Kayla,Abram,40,14
Lory,Jalbert,93,84
Odessa,Mauer,7,11
Olivette,Wyn,31,77
Gwenneth,Iiette,50,22
Hannis,Lauraine,79,46
Constance,Stav,33,90
Gerianna,Palocz,91,46
Aurelie,Pearse,79,5
Blake,Kronfeld,12,52
Jaclyn,Ahab,59,21
Annaliese,Carri,9,25
Kristina,Kalinda,4,22
Britni,Hewitt,99,15
Merci,Yoko,97,43
Cherilyn,Shirberg,1,30
Roseline,Cressida,3,80
Lesly,Kazimir,63,81
Sonni,Minetta,2,38
Ivett,Graig,77,62
Maurene,Amasa,66,18
Tomasina,Afton,25,34
Ariela,Silvan,17,80
Zondra,Keelia,33,30
Dacia,Kaete,34,39
Dawn,Freddi,1,94
Lorenza,Tatianas,18,94
Desirae,Yorick,62,0
Jessy,Rugen,85,65
Berget,Buttaro,2,89
Raina,Peg,93,9
Ivett,Girardo,23,3
Fredericka,Jillane,69,72
Dominga,Anastatius,44,9
Daryl,Haerr,98,100
Edee,Pernick,14,72
Georgina,Giule,63,31
Di,Brady,47,23
Lexine,Francene,45,78
Norine,Dunkin,69,87
Annora,Nore,25,13
Elmira,Kalinda,52,31
Kathy,Henebry,78,62
Gabriellia,Pacorro,91,54
Jany,Rillings,90,95
Zondra,Gillan,19,20
Rhoda,Susannah,71,84
Melanie,Keily,38,26
Nollie,Constancy,88,84
Kary,Quinn,87,57
Ofilia,Brackely,1,35
Celene,Erich,1,62
Gertrud,Stover,34,20
Ana,Jehu,37,46
Sibella,Krystle,22,92
Joy,Dowski,11,76
Frances,Carmena,71,4
Belva,Bonilla,95,74
Veda,Cath,14,24
Raf,Toni,26,57
Jenilee,Tufts,23,35
Ann-Marie,Elsinore,32,7
Gretal,Trinetta,97,42
Sonni,Grobe,45,31
Jerry,Chick,81,68
Darlleen,Stanwood,6,4
Roxane,Wenoa,52,36
Kayla,Bari,32,57
Ericka,Callista,86,3
Johna,Joeann,65,87
Tori,Codding,49,67
Moyna,Lenny,12,43
Raf,Revkah,84,72
Meghann,Gemini,32,62
Aaren,Olin,65,85
Aurelie,Persse,49,86
Roz,Joachim,30,81
Neila,Melan,33,48
Lindie,Leopold,55,21
Elmira,Turne,92,30
Berta,Auberbach,49,25
Rebeca,Fax,12,32
Concettina,Darian,66,14
Jacenta,Artie,69,84
Sharai,Newell,69,36
Anthia,Rustice,88,83
Cacilie,Hylan,39,89
Maud,Merat,54,41
Raina,Gusella,16,33
Clarice,Cadmar,60,24
Aurore,Lunsford,40,37
Kate,Sigfrid,95,69
Josephine,Zetta,72,100
Tani,Mott,33,1
Aeriela,Bartlett,26,43
Marsiella,Medrek,49,3
Gavrielle,Kendrick,90,17
Lynde,Killigrew,5,35
Belinda,Berard,80,84
Gerrie,Wooster,77,11
Marguerite,Leopold,51,1
Berta,Ellord,78,52
Rozele,Couture,64,68
Feliza,Lindemann,11,65
Ekaterina,Ogren,86,46
Berta,Cutlerr,9,50
Deloria,Neva,35,66
Ardenia,Cressida,91,84
Caryl,Olympium,64,84
Modestia,Carvey,15,30
Rosabelle,Bearnard,62,85
Perry,Couture,57,32
Anestassia,Haymes,39,82
Jolyn,Tannie,76,48
Kylynn,Lilybelle,69,51
Maisey,Grosz,47,44
Wileen,Mata,33,65
Viviene,Amasa,76,83
Zsa Zsa,Tufts,43,17
Meriel,Natalia,54,42
Talya,Elo,65,31
Lizzie,Lutero,23,31
Mignon,Faro,43,61
Lory,Roscoe,82,53
Annabela,Trinetta,43,11
Althea,Hessler,90,79
Kirbee,Casimir,97,51
Bibby,Lane,12,45
Dyann,Fairweather,11,23
Raf,Waldron,20,100
Wendi,Mendez,73,70
Dawn,Bronk,36,69
Nananne,Denis,57,28
Viviene,Urias,5,30
Jorry,Lymann,21,45
Evaleen,Zrike,36,97
Nicoli,Libna,37,17
Willetta,Milde,52,30
Teddie,Screens,82,30
Henriette,Burch,84,11
Bee,Trace,27,59
Tina,Hourigan,47,81
Annabela,Saunderson,21,2
Kaja,Randene,65,68
Jemie,Jary,57,89
Lexine,Jammal,38,95
Leanna,Ricarda,67,58
Aaren,Alfons,7,4
Brena,Nester,86,67
Dorice,Fink,13,46
Kelly,Valoniah,43,49
Kenna,Miru,75,74
Lanna,Nikaniki,20,46
Adore,Romelda,69,28
Mureil,Ajay,68,62
Yolane,Iphlgenia,27,93
Leanna,Kinnard,81,8
Gerianna,Malanie,48,54